65.7826112901301,130.791528,-41.9013929999999
98.6739169351951,130.46652,-41.9133900000002
131.56522258026,128.943456,-41.975181
164.456528225325,129.943704,-41.9839529999999
197.34783387039,129.442176,-42.9197189999998
230.239139515455,129.7682472,-44.017251
263.13044516052,129.278472,-42.7454400000002
296.021750805585,129.780096,-43.4417819999999
328.91305645065,129.141912,-41.9015220000001
361.804362095715,129.318924,-42.0097529999998
394.695667740781,130.4939184,-43.181589
427.586973385846,129.810768,-43.5960660000001
460.478279030911,129.9141456,-43.870191
493.369584675976,129.724464,-44.0046090000001
526.260890321041,129.473112,-43.6579860000002
559.152195966106,129.4265424,-42.773175
592.043501611171,129.221928,-42.0817350000002
624.934807256236,129.3579192,-42.2165400000001
657.826112901301,129.981432,-43.7662170000001
690.717418546366,129.648012,-42.1722930000001
723.608724191431,129.8649216,-43.9532670000001
756.500029836496,129.660528,-43.4362350000001
789.391335481561,129.3239592,-42.4420319999999
822.282641126626,129.85464,-44.263512
855.173946771691,129.708384,-44.1247079999998
888.065252416756,129.29868,-42.3153539999998
920.956558061821,129.592512,-43.7757630000001
953.847863706886,129.6123504,-43.1864910000002
986.739169351951,129.64512,-43.1975849999999
1019.63047499702,129.835608,-43.728936
1052.52178064208,129.57444,-42.879729
1085.41308628715,128.773584,-41.8897830000001
1118.30439193221,129.652368,-42.0812190000001
1151.19569757728,129.493416,-43.0734869999999
1184.08700322234,129.707904,-42.6324359999999
1216.97830886741,129.76968,-43.0781310000002
1249.86961451247,129.6551664,-43.0721970000002
1282.76092015754,129.370296,-42.8789550000001
1315.6522258026,128.64378,-44.395221
1348.54353144767,128.147688,-42.8081340000001
1381.43483709273,129.180216,-42.587802
1414.3261427378,128.455248,-42.9686100000001
1447.21744838286,128.632032,-43.0963200000001
1480.10875402793,128.8743504,-40.8247590000001
1513.00005967299,128.182464,-41.2002779999998
1545.89136531806,128.300256,-41.6535839999999
1578.78267096312,128.3822976,-41.6163029999998
1611.67397660819,128.743128,-39.6742079999999
1644.56528225325,127.966776,-40.2679950000002
1677.45658789832,128.1564624,-40.159377
1710.34789354338,127.148928,-36.875037
1743.23919918845,127.178688,-36.7763520000001
1776.13050483351,127.094784,-36.447531
1809.02181047858,127.193064,-36.834789
1841.91311612364,128.185788,-37.428318
1874.80442176871,128.135748,-36.7628070000001
1907.69572741377,127.196304,-35.7799560000001
1940.58703305884,127.30428,-36.5395080000001
1973.4783387039,126.725292,-33.57483
2006.36964434897,127.4645664,-33.910746
2039.26094999403,127.483872,-33.5409030000001
2072.1522556391,127.8162144,-33.8301210000002
2105.04356128416,127.5135744,-32.7964440000001
2137.93486692923,126.7328304,-33.683319
2170.82617257429,125.966088,-30.8917590000001
2203.71747821936,126.6879264,-30.7899779999998
2236.60878386442,126.6668976,-30.3646649999998
2269.50008950949,126.975456,-29.9491559999999
2302.39139515455,126.5319432,-29.3227319999999
2335.28270079962,127.592124,-28.909932
2368.17400644468,127.77804,-29.4265770000002
2401.06531208975,127.7720976,-30.0079799999999
2433.95661773481,128.196408,-29.671548
2466.84792337988,128.748708,-29.9085209999998
2499.73922902494,128.385072,-30.0251369999999
2532.63053467001,129.0290304,-29.829573
2565.52184031507,128.70528,-29.48811
2598.41314596014,128.2062,-29.5115879999998
2631.3044516052,127.870104,-29.2488149999999
2664.19575725027,126.928848,-28.7502299999999
2697.08706289533,125.9838144,-28.084977
2729.9783685404,126.372144,-27.4073400000002
2762.86967418546,127.279344,-27.4653899999998
2795.76097983053,126.948456,-26.1716489999999
2828.65228547559,128.1470784,-26.8650239999999
2861.54359112066,127.129212,-25.9727310000001
2894.43489676572,126.9096576,-26.038908
2927.32620241079,126.0627936,-26.9259119999999
2960.21750805585,125.961576,-26.4124919999999
2993.10881370092,125.68026,-26.26956
3026.00011934598,125.196528,-26.2551119999998
3058.89142499105,124.967304,-26.6769419999998
3091.78273063611,125.79408,-26.6374680000001
3124.67403628118,125.487624,-26.1587490000002
3157.56534192624,124.2329832,-25.9616369999999
3190.45664757131,124.15668,-25.3911989999999
3223.34795321637,123.702072,-25.3638510000001
3256.23925886144,123.3279984,-24.8513340000002
3289.1305645065,122.8977024,-24.6561569999999
3322.02187015157,122.4263904,-24.1600230000001
3354.91317579663,121.944744,-23.2441230000002
3387.8044814417,121.5350544,-23.3982780000001
3420.69578708676,121.355472,-22.964322
3453.58709273183,121.026,-23.000571
3486.47839837689,120.60984,-22.8373860000001
3519.36970402196,120.9270864,-21.983148
3552.26100966702,119.843688,-21.2817750000002
3585.15231531209,119.9910168,-20.9574689999999
3618.04362095715,119.675652,-20.1385769999999
3650.93492660222,118.2361584,-19.4294639999998
3683.82623224729,118.229088,-19.7621549999999
3716.71753789235,117.6633168,-18.7567290000002
3749.60884353741,117.2497848,-18.6576570000002
3782.50014918248,116.879676,-18.9699659999999
3815.39145482755,116.7484128,-18.5367839999999
3848.28276047261,116.371488,-18.3359309999998
3881.17406611768,115.86528,-17.291031
3914.06537176274,115.495704,-17.743692
3946.9566774078,115.2118992,-17.1852510000001
3979.84798305287,114.8123136,-16.9269929999998
4012.73928869794,114.338784,-15.955236
4045.630594343,114.371952,-16.3071480000001
4078.52189998807,113.681856,-15.4202730000002
4111.41320563313,113.1678,-15.763929
4144.3045112782,112.9296408,-14.3834999999999
4177.19581692326,111.997008,-13.542678
4210.08712256833,112.0239984,-14.0937660000002
4242.97842821339,111.7338192,-14.3828549999998
4275.86973385846,111.1328112,-13.0984020000001
4308.76103950352,110.8225608,-13.492497
4341.65234514859,110.2379112,-12.223266
4374.54365079365,109.750752,-11.1973290000001
4407.43495643872,109.4431104,-11.788407
4440.32626208378,109.2825648,-11.5430490000001
4473.21756772885,108.7351368,-11.0796809999999
4506.10887337391,108.2959128,-10.0180110000001
4539.00017901898,107.8793688,-10.5485879999999
4571.89148466404,107.7479472,-10.234473
4604.78279030911,106.9841688,-8.79560700000002
4637.67409595417,106.838472,-9.17602800000009
4670.56540159924,106.6932168,-8.53141500000015
4703.4567072443,106.5943776,-9.09888599999999
4736.34801288937,106.380096,-9.45363599999996
4769.23931853443,105.4617264,-7.94859300000007
4802.1306241795,105.2323008,-7.64544300000011
4835.02192982456,104.503608,-6.48547499999995
4867.91323546963,104.0641104,-6.35879699999987
4900.80454111469,103.5789216,-5.84331299999985
4933.69584675976,103.117056,-5.926647
4966.58715240482,102.9120888,-5.47604999999999
4999.47845804989,102.8890944,-5.58376499999986
5032.36976369495,102.043776,-4.12374299999988
5065.26106934002,102.0807552,-4.5877559999999
5098.15237498508,101.943756,-4.85788200000002
5131.04368063015,101.3455368,-3.57226799999989
5163.93498627521,100.754592,-3.45165299999985
5196.82629192028,100.589784,-2.916561
5229.71759756534,100.3235856,-2.76937199999998
5262.60890321041,99.4444944,-1.7931000000001
5295.50020885547,99.4201032,-2.35025099999984
5328.39151450054,99.4766448,-2.65959300000009
5361.2828201456,98.90352,-1.31683199999998
5394.17412579067,98.0936832,-0.342881999999918
5427.06543143573,98.1142896,-0.904547999999977
5459.9567370808,97.6475424,-0.7484579999998
5492.84804272586,97.1310072,-0.171956999999793
5525.73934837093,96.730752,0.06497730000001
5558.63065401599,96.2209728,1.29993300000001
5591.52195966106,96.232728,0.85230300000012
5624.41326530612,95.7134496,1.34959800000001
5657.30457095119,95.386752,1.48290659999998
5690.19587659625,94.9975272,1.73272800000018
5723.08718224132,94.638504,2.27878499999997
5755.97848788638,93.9677088,3.19197600000007
5788.86979353145,93.80838,3.15310829999999
5821.76109917651,93.7780944,2.85219000000006
5854.65240482158,93.5129568,2.58980399999996
5887.54371046664,92.6082,4.53822000000014
5920.43501611171,92.0815728,5.44849559999989
5953.32632175677,91.5319344,3.67314600000009
5986.21762740184,91.175844,4.45676939999999
6019.1089330469,90.7400832,4.66528500000004
6052.00023869197,89.9414496,5.73475950000011
6084.89154433703,90.151884,4.70463000000018
6117.7828499821,90.405096,5.78750760000003
6150.67415562716,88.9328016,6.34009199999991
6183.56546127223,88.799544,5.94457800000009
6216.45676691729,88.240692,7.03973640000004
6249.34807256236,88.534968,6.47154300000011
6282.23937820742,88.3151232,6.81899159999989
6315.13068385249,87.0559296,8.06860170000005
6348.02198949755,86.7141,9.14248800000019
6380.91329514262,87.178608,7.37660700000015
6413.80460078768,86.5361232,8.57424300000002
6446.69590643275,86.2508808,8.885133
6479.58721207781,85.383288,9.88005840000005
6512.47851772288,86.0410872,8.41745639999999
6545.36982336794,85.315584,9.90990899999997
6578.26112901301,84.690768,10.9069500000001
6611.15243465807,85.0945392,10.1372586
6644.04374030314,85.2533832,9.51297599999998
6676.9350459482,84.7103688,9.84489299999996
6709.82635159327,84.069072,11.1462450000001
6742.71765723833,84.2874816,10.490796
6775.6089628834,84.790128,10.1863559999999
6808.50026852847,83.6927616,11.6904959999999
6841.39157417353,84.204132,11.8588926
6874.2828798186,83.6181888,12.8548499999999
6907.17418546366,83.7686064,12.6267263999998
6940.06549110873,83.4344448,12.5416379999999
6972.95679675379,83.3804736,11.967459
7005.84810239885,83.092668,12.530802
7038.73940804392,82.464996,13.9326965999999
7071.63071368898,82.7380008,13.420128
7104.52201933405,82.0024464,14.4862227000001
7137.41332497912,81.931272,14.4581910000002
7170.30463062418,81.925632,14.5904934
7203.19593626925,81.951864,14.1712046999999
7236.08724191431,81.1477008,15.552756
7268.97854755938,81.2009592,15.6335099999999
7301.86985320444,81.3515208,15.2089194
7334.7611588495,79.995264,16.5326400000001
7367.65246449457,79.5086784,16.373067
7400.54377013963,80.1189,16.5783060000001
7433.4350757847,79.8254952,17.497302
7466.32638142977,79.6269744,16.6970504999999
7499.21768707483,79.7708712,16.9290570000001
7532.1089927199,79.8228624,16.4202422999999
7565.00029836496,79.3939872,17.8452150000001
7597.89160401003,78.940164,17.8237107
7630.78290965509,79.0214688,18.0886767
7663.67421530016,78.817608,18.371406
7696.56552094522,78.3777024,18.4000827
7729.45682659029,78.099456,18.1111356000001
7762.34813223535,78.0584976,19.4768457
7795.23943788042,77.7106128,19.3120740000002
7828.13074352548,77.681436,19.4347143
7861.02204917055,77.5486272,19.6342385999999
7893.91335481561,77.5753272,20.0536950000001
7926.80466046068,77.1863568,20.269125
7959.69596610574,77.1480192,20.572404
7992.58727175081,77.2632552,20.3031036
8025.47857739587,76.552704,21.7913250000001
8058.36988304094,76.1628624,21.8875074
8091.261188686,75.7477008,22.8163590000001
8124.15249433107,75.832416,22.9074330000001
8157.04379997613,75.9044976,22.3156326000001
8189.9351056212,76.004592,22.660527
8222.82641126626,75.5594448,23.58249
8255.71771691133,75.2959368,22.8321744
8288.60902255639,75.3195552,23.1026100000001
8321.50032820146,75.2216016,22.5369450000001
8354.39163384652,74.4701448,24.1471230000002
8387.28293949159,74.6179608,24.6024930000001
8420.17424513665,74.250816,25.5880529999999
8453.06555078172,74.108076,25.6468124999999
8485.95685642678,73.965936,25.7284694999998
8518.84816207185,74.3493888,25.1865533999999
8551.73946771691,74.2167024,25.3550144999999
8584.63077336198,73.08264,26.417265
8617.52207900704,73.0882848,26.5486515
8650.41338465211,72.97608,25.9061670000001
8683.30469029717,73.7452992,25.6012110000001
8716.19599594224,72.7360944,28.1638863000001
8749.0873015873,71.8268832,27.966426
8781.97860723237,71.607408,28.8508887
8814.86991287743,71.8412304,29.4900063
8847.7612185225,72.0582672,29.0788703999999
8880.65252416756,72.048216,29.3461454999999
8913.54382981263,72.252804,28.8632339999999
8946.43513545769,71.8997952,30.11634
8979.32644110276,71.4891456,30.047712
9012.21774674782,71.636532,30.409944
9045.10905239289,71.485656,30.8270396999999
9078.00035803795,71.388768,30.9207840000001
9110.89166368302,71.1480048,31.1609820000001
9143.78296932808,71.1821232,30.7390230000001
9176.67427497315,70.979148,32.0168325
9209.56558061821,70.8427608,32.036118
9242.45688626328,70.7232072,32.1024884999999
9275.34819190834,71.0063904,31.452264
9308.23949755341,70.1914704,32.6864714999999
9341.13080319847,69.598176,32.811279
9374.02210884354,69.834552,32.3328567000001
9406.9134144886,69.791184,32.626164
9439.80472013367,69.1339008,34.105665
9472.69602577873,69.4280016,34.2611744999999
9505.5873314238,69.4482768,34.6499160000001
9538.47863706886,69.2796576,34.4593830000001
9571.36994271393,69.4261776,34.930233
9604.26124835899,69.129456,35.3364153
9637.15255400406,69.371472,35.405211
9670.04385964912,69.2282232,35.7436167000001
9702.93516529419,69.1643568,35.9432700000002
9735.82647093925,69.089208,36.027765
9768.71777658432,68.97888,36.2346422999999
9801.60908222938,68.523384,37.0575203999999
9834.50038787445,68.6497512,37.2552774000001
9867.39169351951,68.4435432,37.66284
9900.28299916458,68.485488,38.1398174999999
9933.17430480964,68.1966384,38.1116826
9966.06561045471,68.1365424,38.5864025999999
9998.95691609977,67.7610048,39.424851
10031.8482217448,67.5632496,39.476322
10064.7395273899,67.418496,39.8671920000002
10097.630833035,67.3689504,39.9086784000001
10130.52213868,66.8646816,40.1517272999999
10163.4134443251,66.6623136,40.4866500000001
10196.3047499702,66.9805392,41.08908
10229.1960556152,66.8778912,41.2180800000001
10262.0873612603,66.34224,41.4505380000001
10294.9786669054,66.2194416,41.5155540000001
10327.8699725504,65.9634816,41.7185096999999
10360.7612781955,65.998824,42.1042712999999
10393.6525838406,66.4393968,42.5616150000001
10426.5438894856,66.4439904,42.608313
10459.4351951307,66.4728072,42.7466784000001
10492.3265007757,66.524424,43.1584335
10525.2178064208,66.1732728,43.8027627000001
10558.1091120659,66.254856,43.898829
10591.0004177109,66.142104,44.2853130000001
10623.891723356,65.885664,45.39897
10656.7830290011,65.1184272,45.9062495999999
10689.6743346461,65.4767136,44.9386980000002
10722.5656402912,65.0629368,45.7326930000002
10755.4569459363,65.432064,46.2688170000001
10788.3482515813,64.8850608,46.561905
10821.2395572264,64.53864,47.2940315999999
10854.1308628715,65.186616,47.4638730000001
10887.0221685165,65.1637536,47.7799230000001
10919.9134741616,65.3108736,47.4847710000001
10952.8047798067,65.2181472,48.2411625
10985.6960854517,65.113848,48.256836
11018.5873910968,64.8487824,48.5746919999999
11051.4786967419,64.560072,48.5801100000001
11084.3700023869,64.420344,48.8079240000002
11117.261308032,64.1854896,50.0836824000001
11150.1526136771,64.0974144,50.178678
11183.0439193221,63.6338208,51.268341
11215.9352249672,63.4433208,51.8826390000002
11248.8265306122,63.764688,51.2984624999999
11281.7178362573,63.3686976,52.3334037
11314.6091419024,63.5080728,52.8273446999999
11347.5004475474,63.648024,53.3497560000001
11380.3917531925,63.4553424,53.6559116999999
11413.2830588376,63.562488,54.265269
11446.1743644826,63.641592,54.3521505000001
11479.0656701277,63.6884808,54.8230263
11511.9569757728,63.6952896,54.5947350000001
11544.8482814178,63.7077288,54.6564873
11577.7395870629,63.425664,55.467807
11610.630892708,63.3775368,56.0429663999998
11643.522198353,63.3100176,55.8375854999999
11676.4135039981,64.02972,55.0008657000001
11709.3048096432,63.355944,56.9503395000002
11742.1961152882,63.233472,57.4930296
11775.0874209333,63.4059768,57.6117870000001
11807.9787265784,63.218424,58.0958466
11840.8700322234,62.991096,58.7171235000001
11873.7613378685,63.6207456,57.8348796
11906.6526435135,64.214976,58.2536910000001
11939.5439491586,64.201356,59.0627790000001
11972.4352548037,63.69858,59.4107435999999
12005.3265604487,63.8248224,59.7672092999999
12038.2178660938,63.5555208,59.9781114
12071.1091717389,63.7591632,59.8954739999999
12104.0004773839,63.993036,60.1163220000001
12136.891783029,63.3533616,61.012356
12169.7830886741,63.6526968,61.2631836
12202.6743943191,63.407232,62.749599
12235.5656999642,63.70008,62.3473770000001
12268.4570056093,63.5134872,63.0143070000001
12301.3483112543,64.3606272,62.6362724999999
12334.2396168994,63.4547712,64.148862
12367.1309225445,63.6330624,64.005543
12400.0222281895,63.7349592,64.310886
12432.9135338346,63.4983792,64.3707420000001
12465.8048394797,63.5326416,65.150934
12498.6961451247,63.5860992,65.6362965000001
12531.5874507698,64.442232,65.5025106000001
12564.4787564148,64.773672,65.1439680000001
12597.3700620599,64.7771208,65.1006755999999
12630.261367705,64.4857272,66.443127
12663.15267335,64.0224192,66.9923315999999
12696.0439789951,64.0578096,66.9099780000001
12728.9352846402,63.8759712,67.7254773
12761.8265902852,63.93342,68.01009
12794.7178959303,64.1476176,68.5485747
12827.6092015754,64.3514808,68.4931434
12860.5005072204,64.487772,68.0477580000002
12893.3918128655,64.3704,68.283054
12926.2831185106,64.671144,68.552019
12959.1744241556,64.7439264,68.9161859999999
12992.0657298007,64.6202736,69.5077026000001
13024.9570354458,65.1910392,69.720114
13057.8483410908,65.3297208,70.0101060000002
13090.7396467359,65.3113104,70.3213830000002
13123.630952381,64.8357072,70.895949
13156.522258026,64.7344488,71.113314
13189.4135636711,64.7758632,71.3926635
13222.3048693161,64.8334128,71.953749
13255.1961749612,64.928748,71.9243370000002
13288.0874806063,64.8824496,72.8969454
13320.9787862513,65.49456,72.6658806
13353.8700918964,65.6005608,72.5706270000001
13386.7613975415,65.1448488,74.517108
13419.6527031865,64.962816,75.5954706
13452.5440088316,64.737264,76.6615523999999
13485.4353144767,64.6953312,76.5333780000001
13518.3266201217,64.705728,77.6082060000001
13551.2179257668,65.16084,76.6630230000001
13584.1092314119,65.3491392,75.9370884
13617.0005370569,66.0440328,75.8838114
13649.891842702,66.2482392,76.0714934999999
13682.7831483471,65.948376,77.2633890000002
13715.6744539921,65.926968,77.4130805999998
13748.5657596372,66.5017032,77.391357
13781.4570652823,66.1222608,78.4216413000001
13814.3483709273,66.352644,78.2577855
13847.2396765724,66.622788,79.0517159999999
13880.1309822174,67.0117512,79.0233876
13913.0222878625,66.775104,79.7703750000001
13945.9135935076,67.1228448,79.8958533
13978.8048991526,67.0459272,79.5839699999999
14011.6962047977,67.4539296,80.508771
14044.5875104428,67.0254,81.2832870000002
14077.4788160878,67.2430656,81.1296480000001
14110.3701217329,67.4380512,80.8046196
14143.261427378,67.3550112,81.7502025000001
14176.152733023,67.4642232,82.572126
14209.0440386681,67.745928,82.5144114
14241.9353443132,67.9403616,82.2482070000001
14274.8266499582,68.389224,82.4084250000001
14307.7179556033,68.822916,82.525815
14340.6092612484,68.7104208,82.7642069999999
14373.5005668934,68.8676328,83.2466669999999
14406.3918725385,68.9550096,83.581809
14439.2831781836,69.1589568,83.6717607
14472.1744838286,68.981232,85.2715412999999
14505.0657894737,68.9169072,85.6431516
14537.9570951188,69.0286224,85.902261
14570.8484007638,69.8291088,85.9865367
14603.7397064089,69.2665536,87.0056367
14636.6310120539,69.54168,86.9701875000001
14669.522317699,69.7807368,87.3028913999999
14702.4136233441,69.698316,87.700521
14735.3049289891,70.04268,88.177821
14768.1962346342,70.132548,89.2708895999999
14801.0875402793,70.3737552,89.4335973
14833.9788459243,70.41144,89.790708
14866.8701515694,70.665036,90.3278252999999
14899.7614572145,70.9850472,90.29871
14932.6527628595,71.0171904,90.380367
14965.5440685046,71.21232,91.0222194
14998.4353741497,71.207376,91.9000773
15031.3266797947,71.4226416,91.7675039999999
15064.2179854398,71.9783808,91.905534
15097.1092910849,72.134088,92.2828589999999
15130.0005967299,72.4281768,93.5082300000001
15162.891902375,71.974056,93.4983872999999
15195.7832080201,72.5654976,93.5658156
15228.6745136651,72.83484,93.8768345999999
15261.5658193102,72.8297928,94.3182597
15294.4571249552,72.9375456,94.8536999999999
15327.3484306003,73.24248,94.9069254000001
15360.2397362454,73.6203,95.315004
15393.1310418904,73.866816,95.5366260000001
15426.0223475355,74.404908,95.1515610000001
15458.9136531806,74.5872912,96.5354729999999
15491.8049588256,74.302056,96.8713115999999
15524.6962644707,74.667828,97.5685566
15557.5875701158,74.429592,99.546462
15590.4788757608,75.1600176,98.8625040000002
15623.3701814059,75.0820968,100.3081425
15656.261487051,75.8488152,98.3314110000001
15689.152792696,75.094776,101.631618
15722.0440983411,75.9581712,100.48197
15754.9354039862,75.5096352,103.240119
15787.8267096312,76.3224,101.6394225
15820.7180152763,75.9022872,103.238055
15853.6093209214,76.2299904,103.1484645
15886.5006265664,76.4413968,103.209159
15919.3919322115,77.0267424,102.80526
15952.2832378565,76.4508672,105.3556674
15985.1745435016,76.5942048,105.397773
16018.0658491467,77.349672,104.688789
16050.9571547917,77.0327856,106.7038593
16083.8484604368,77.21664,106.48176
16116.7397660819,77.687232,106.511172
16149.6310717269,78.1464672,106.140168
16182.522377372,77.604468,108.91341
16215.4136830171,78.222768,108.961398
16248.3049886621,77.938248,109.099557
16281.1962943072,78.5498928,108.8621583
16314.0875999523,78.814188,109.099557
16346.9789055973,79.3679664,109.941798
16379.8702112424,79.445496,110.0318787
16412.7615168875,79.569396,110.366595
16445.6528225325,79.4513448,110.9468757
16478.5441281776,79.6374816,111.157365
16511.4354338227,80.1715344,111.6235065
16544.3267394677,80.2639608,111.3838374
16577.2180451128,79.2313248,115.4816127
16610.1093507579,79.7280048,114.9933606
16643.0006564029,80.262768,113.903388
16675.891962048,80.496744,114.78936
16708.783267693,80.6003376,114.977571
16741.6745733381,80.7162,115.445325
16774.5658789832,80.7426528,116.4354
16807.4571846282,80.5429824,116.364192
16840.3484902733,80.670012,116.409342
16873.2397959184,81.276336,116.800341
16906.1311015634,80.939472,118.679097
16939.0224072085,81.275328,118.062606
16971.9137128536,81.248724,118.428708
17004.8050184986,81.50712,118.7575935
17037.6963241437,81.6877992,120.442785
17070.5876297888,81.6547104,120.3349926
17103.4789354338,81.9034632,119.472963
17136.3702410789,81.9810816,119.7884583
17169.261546724,82.2309288,121.6444974
17202.152852369,82.28868,121.7177823
17235.0441580141,82.8869616,120.9748713
17267.9354636592,82.9662168,121.337658
17300.8267693042,83.1712752,122.3644206
17333.7180749493,82.738944,123.4621074
17366.6093805943,83.060592,123.8727015
17399.5006862394,83.903052,122.750208
17432.3919918845,83.5673616,125.0195115
17465.2832975295,83.7280224,126.525135
17498.1746031746,83.40228,126.4737285
17531.0659088197,83.5283808,127.525401
17563.9572144647,83.8585344,127.239021
17596.8485201098,83.786016,128.538825
17629.7398257549,83.986992,129.226524
17662.6311313999,83.6412,131.207061
17695.522437045,84.2482992,128.9535084
17728.4137426901,84.2088672,130.779684
17761.3050483351,84.5485848,131.0751327
17794.1963539802,84.647892,131.583483
17827.0876596253,84.3248544,133.3192554
17859.9789652703,85.6117488,130.9700235
17892.8702709154,85.7166336,132.528924
17925.7615765605,85.3047456,132.9634734
17958.6528822055,85.355904,133.4874843
17991.5441878506,85.1887752,135.307713
18024.4354934956,85.584984,134.640138
18057.3267991407,86.251368,133.3602
18090.2181047858,85.6111344,133.3468485
18123.1094104308,85.4275488,135.2558034
18156.0007160759,85.614696,136.287855
18188.892021721,85.4598648,136.305786
18221.783327366,85.0615608,138.7826634
18254.6746330111,85.955952,138.750723
18287.5659386562,86.3692248,137.763228
18320.4572443012,86.3193648,139.7334837
18353.3485499463,87.0371184,139.363602
18386.2398555914,87.1577952,138.279744
18419.1311612364,86.9775936,140.245833
18452.0224668815,87.1453368,139.009497
18484.9137725266,86.5240992,141.989913
18517.8050781716,86.720904,141.811377
18550.6963838167,86.9846256,142.2547887
18583.5876894618,87.1254384,142.7610363
18616.4789951068,87.422832,142.847118
18649.3703007519,87.83328,142.9773177
18682.2616063969,88.3626144,141.645483
18715.152912042,87.657336,145.6398003
18748.0442176871,88.584648,143.6975505
18780.9355233321,88.383564,144.9047196
18813.8268289772,88.3717128,145.437954
18846.7181346223,89.2429152,142.90233
18879.6094402673,88.967424,144.8331375
18912.5007459124,88.5444768,146.9866764
18945.3920515575,88.1770848,147.6610755
18978.2833572025,89.9821824,145.8596937
19011.1746628476,88.7499768,150.3721395
19044.0659684927,88.7097288,150.40239
19076.9572741377,88.9909392,150.831057
19109.8485797828,88.671216,152.304882
19142.7398854279,89.8674,149.365101
19175.6311910729,90.1505616,148.687722
19208.522496718,89.5460352,151.601961
19241.4138023631,89.9387376,151.3044354
19274.3051080081,90.3307056,151.295199
19307.1964136532,90.4803504,151.5469425
19340.0877192982,90.3889056,152.2915434
19372.9790249433,90.7501392,151.9869873
19405.8703305884,91.5851352,150.5331444
19438.7616362334,91.3400952,153.5143344
19471.6529418785,90.4991472,156.476097
19504.5442475236,91.3890624,153.2906613
19537.4355531686,91.8121872,155.265045
19570.3268588137,91.16208,156.195135
19603.2181644588,91.551468,155.3528424
19636.1094701038,91.8483936,156.866064
19669.0007757489,91.868964,156.8857236
19701.892081394,91.9080312,157.4550135
19734.783387039,91.8417192,158.341179
19767.6746926841,91.4592144,159.86325
19800.5659983292,91.6368192,159.9475644
19833.4573039742,92.030748,160.1264874
19866.3486096193,92.0302248,160.484901
19899.2399152644,91.7824896,162.000264
19932.1312209094,92.196228,160.0378257
19965.0225265545,92.700144,161.25
19997.9138321996,92.614296,161.747811
20030.8051378446,92.579748,162.4614777
20063.6964434897,92.377896,164.592906
20096.5877491347,92.682168,163.531494
20129.4790547798,92.6591712,163.65585
20162.3703604249,93.701784,159.340026
20195.2616660699,94.6647192,158.648973
20228.152971715,93.8585112,162.5004615
20261.0442773601,93.2817072,164.995257
20293.9355830051,93.0448368,166.190055
20326.8268886502,93.534864,164.497575
20359.7181942953,93.1225128,166.5281124
20392.6094999403,93.4025352,167.026104
20425.5008055854,92.811384,169.9219605
20458.3921112305,93.9923424,166.48869
20491.2834168755,93.583752,168.580425
20524.1747225206,94.5632232,166.2022584
20557.0660281657,93.6108408,169.6811433
20589.9573338107,93.8022288,169.344363
20622.8486394558,94.092024,167.516691
20655.7399451008,94.3058328,169.3880424
20688.6312507459,95.016384,169.740006
20721.522556391,95.350056,168.0240093
20754.413862036,94.113984,171.1388175
20787.3051676811,95.139336,170.6515716
20820.1964733262,95.240784,171.020073
20853.0877789712,95.506848,171.644562
20885.9790846163,95.9145288,170.1252516
20918.8703902614,96.2322528,168.822558
20951.7616959064,96.393288,171.23847
20984.6530015515,95.587764,171.908367
21017.5443071966,95.5648752,172.986678
21050.4356128416,96.182088,173.209074
21083.3269184867,96.7804464,171.965514
21116.2182241318,97.0465992,170.0561334
21149.1095297768,97.2534576,173.032473
21182.0008354219,96.3830928,176.3359695
21214.892141067,97.002504,173.58498
21247.783446712,96.6630792,176.692461
21280.6747523571,96.7945728,176.3222826
21313.5660580022,97.02444,176.406726
21346.4573636472,97.4283672,176.55327
21379.3486692923,97.4765616,176.820171
21412.2399749373,97.43412,178.542321
21445.1312805824,97.922904,176.821203
21478.0225862275,98.041536,177.8745396
21510.9138918725,98.172624,177.751809
21543.8051975176,98.317308,177.7829625
21576.6965031627,98.242272,177.6481704
21609.5878088077,98.887116,178.0694586
21642.4791144528,98.667756,178.1931696
21675.3704200979,98.2846704,178.7680065
21708.2617257429,98.2822968,179.455641
21741.153031388,99.0795,180.8465706
21774.0443370331,98.812824,180.6790254
21806.9356426781,99.113688,182.1563076
21839.8269483232,98.5841208,181.955919
21872.7182539683,99.510456,182.788872
21905.6095596133,99.66372,182.0742765
21938.5008652584,99.5676816,182.864466
21971.3921709035,99.1645872,184.4611635
22004.2834765485,99.86118,184.2544797
22037.1747821936,99.889944,182.6451015
22070.0660878386,100.4383128,183.693162
22102.9573934837,100.252896,183.760629
22135.8486991288,101.0340864,184.552431
22168.7400047738,101.1751992,184.7628816
22201.6313104189,101.0303448,184.866675
22234.522616064,101.6624592,185.356101
22267.413921709,101.402568,184.6929894
22300.3052273541,101.0339712,186.9231027
22333.1965329992,101.2705056,186.435057
22366.0878386442,101.9724648,186.8951226
22398.9791442893,102.264144,187.05129
22431.8704499344,102.6807552,186.230979
22464.7617555794,102.6840888,187.7910405
22497.6530612245,102.5353728,188.831877
22530.5443668696,102.322224,188.982807
22563.4356725146,102.993336,187.8641577
22596.3269781597,102.763968,189.2212764
22629.2182838048,102.922596,189.4013475
22662.1095894498,103.7476224,189.3025464
22695.0008950949,104.56452,189.504741
22727.8922007399,104.2624704,189.354585
22760.783506385,104.2149216,189.4317915
22793.6748120301,104.031696,191.3776533
22826.5661176751,104.1371088,190.816155
22859.4574233202,104.1347904,192.589002
22892.3487289653,104.6425728,193.4105514
22925.2400346103,104.596032,193.1623425
22958.1313402554,104.779056,193.0458555
22991.0226459005,105.057828,193.3523466
23023.9139515455,105.570216,194.07405
23056.8052571906,105.553176,193.7428683
23089.6965628357,105.715824,194.729757
23122.5878684807,106.4252688,194.435895
23155.4791741258,106.7214552,194.299671
23188.3704797709,106.9189104,194.1026364
23221.2617854159,107.135232,195.848058
23254.153091061,106.9691712,194.730789
23287.0443967061,107.0756928,194.954862
23319.9357023511,107.264784,197.6150484
23352.8270079962,107.69298,197.6211243
23385.7183136412,107.8884672,196.82433
23418.6096192863,108.244344,195.992409
23451.5009249314,109.083264,195.8678724
23484.3922305764,109.1463024,196.836585
23517.2835362215,109.326804,196.589034
23550.1748418666,109.607208,196.676883
23583.0661475116,109.8240432,196.998093
23615.9574531567,110.4369168,197.564532
23648.8487588018,110.618232,197.868714
23681.7400644468,111.295848,198.4811286
23714.6313700919,111.21666,199.4442555
23747.522675737,111.710304,199.151619
23780.413981382,111.9432528,200.3264994
23813.3052870271,112.1658,200.073066
23846.1965926722,112.6995984,200.152659
23879.0878983172,113.2238952,200.7214716
23911.9792039623,113.6382,201.254577
23944.8705096074,113.83272,202.159512
23977.7618152524,114.108408,201.0233445
24010.6531208975,114.464976,201.248514
24043.5444265425,116.0477112,200.761668
24076.4357321876,116.056008,201.581076
24109.3270378327,115.97592,202.853661
24142.2183434777,116.5797264,203.091408
24175.1096491228,117.0356232,203.2421574
24208.0009547679,117.5864472,203.105727
24240.8922604129,117.511752,204.897537
24273.783566058,117.704844,205.601361
24306.6748717031,118.055472,205.828788
24339.5661773481,117.7951032,206.7785634
24372.4574829932,118.1679432,206.3604357
24405.3487886383,118.793688,207.8607186
24438.2400942833,119.0076888,207.474699
24471.1313999284,119.729568,208.967487
24504.0227055735,119.9561832,208.939236
24536.9140112185,120.5890704,209.384157
24569.8053168636,120.94764,209.865456
24602.6966225087,121.023552,210.434991
24635.5879281537,121.606992,211.3775037
24668.4792337988,121.98636,209.6760066
24701.3705394438,122.7027216,209.8136367
24734.2618450889,122.698896,209.8939134
24767.153150734,122.6892,211.5874125
24800.044456379,122.9163696,211.991376
24832.9357620241,123.610524,212.530725
24865.8270676692,123.489912,214.3799787
24898.7183733142,124.70976,211.700868
24931.6096789593,124.521408,212.421591
24964.5009846044,124.509264,213.608004
24997.3922902494,124.916544,213.715719
25030.2835958945,124.9735584,214.199727
25063.1749015396,125.3457216,214.7216094
25096.0662071846,125.570112,215.429355
25128.9575128297,126.218748,216.4950756
25161.8488184748,125.4526656,218.10675
25194.7401241198,127.008912,214.9037574
25227.6314297649,126.967968,216.271209
25260.52273541,127.7699664,216.2742405
25293.414041055,127.8817608,217.9273755
25326.3053467001,128.2859664,217.433757
25359.1966523451,128.832144,217.9869735
25392.0879579902,129.035412,218.802447
25424.9792636353,129.156624,218.967438
25457.8705692803,129.48348,220.0442397
25490.7618749254,129.8881824,220.291107
25523.6531805705,130.2876,219.5449194
25556.5444862155,130.749024,219.471957
25589.4357918606,131.0537904,220.491702
25622.3270975057,131.113272,222.696957
25655.2184031507,131.4384,222.605367
25688.1097087958,131.6741184,222.613623
25721.0010144409,131.9550552,222.9943536
25753.8923200859,132.63528,223.544616
25786.783625731,132.5936784,224.034042
25819.6749313761,132.75228,224.5155474
25852.5662370211,133.432104,223.8175413
25885.4575426662,133.814568,224.92311
25918.3488483113,134.22276,224.4925596
25951.2401539563,134.4565056,224.3638434
25984.1314596014,135.0274944,226.199178
26017.0227652464,135.03366,226.1333106
26049.9140708915,135.30024,226.579341
26082.8053765366,135.837672,227.56761
26115.6966821816,135.941952,226.847532
26148.5879878267,136.2189672,227.579478
26181.4792934718,137.0295528,227.2526823
26214.3705991168,137.052336,227.4145257
26247.2619047619,137.4124728,227.669778
26280.153210407,137.5870944,228.0677817
26313.044516052,137.960844,228.783693
26345.9358216971,138.1210896,229.1155713
26378.8271273422,138.65178,230.000034
26411.7184329872,138.032256,230.444181
26444.6097386323,139.667448,230.535642
26477.5010442774,139.63164,230.8901856
26510.3923499224,139.899936,231.414003
26543.2836555675,140.490876,232.351704
26576.1749612126,140.4711192,232.1959365
26609.0662668576,141.41628,232.0150914
26641.9575725027,141.4326,233.718975
26674.8488781477,140.9644176,234.6149703
26707.7401837928,141.9343752,233.063526
26740.6314894379,142.284792,232.6845756
26773.5227950829,143.0213928,233.6562294
26806.414100728,142.959384,232.457226
26839.3054063731,143.229948,233.10042
26872.1967120181,143.833776,235.1451216
26905.0880176632,144.049296,236.4248016
26937.9793233083,144.266448,236.303877
26970.8706289533,144.8176728,236.290719
27003.7619345984,144.691056,236.391081
27036.6532402435,145.213488,236.6549376
27069.5445458885,145.487832,237.120576
27102.4358515336,145.51476,238.095558
27135.3271571787,145.9825512,239.2709673
27168.2184628237,146.416704,239.369691
27201.1097684688,146.523984,239.5420866
27234.0010741139,146.841408,240.1098414
27266.8923797589,146.975856,241.087455
27299.783685404,147.1088784,240.837453
27332.674991049,147.478416,242.112489
27365.5662966941,147.895332,242.037411
27398.4576023392,148.722576,242.0884434
27431.3489079842,148.9259136,241.7051457
27464.2402136293,149.133552,242.2375416
27497.1315192744,149.151504,243.1606785
27530.0228249194,149.589072,242.7445503
27562.9141305645,150.245676,244.433973
27595.8054362096,150.176808,244.373859
27628.6967418546,150.2513832,245.3384307
27661.5880474997,150.750576,244.3535544
27694.4793531448,150.8786784,246.883683
27727.3706587898,151.021656,247.647363
27760.2619644349,152.0922384,246.758811
27793.15327008,152.037864,246.7153767
27826.044575725,152.2189104,245.5803315
27858.9358813701,152.3409744,246.216495
27891.8271870152,152.844816,247.369755
27924.7184926602,153.5213904,247.68645
27957.6097983053,153.400608,249.566625
27990.5011039504,153.611904,250.2100254
28023.3924095954,154.189584,249.7777593
28056.2837152405,154.762248,248.4114945
28089.1750208855,154.0807776,251.100435
28122.0663265306,154.958052,250.1923395
28154.9576321757,155.402904,250.2243315
28187.8489378207,155.614824,250.639002
28220.7402434658,156.256392,250.805541
28253.6315491109,156.5489376,250.95918
28286.5228547559,156.7808544,250.321791
28319.414160401,157.0420656,251.193057
28352.3054660461,157.741344,249.909249
28385.1967716911,158.264496,251.0066133
28418.0880773362,157.828872,251.803743
28450.9793829813,158.617896,251.2995594
28483.8706886263,158.9645856,251.1117225
28516.7619942714,159.278412,254.1526395
28549.6532999165,159.998592,252.6456744
28582.5446055615,159.8700864,253.167144
28615.4359112066,160.579752,253.999839
28648.3272168517,159.918036,256.695036
28681.2185224967,160.082568,257.592489
28714.1098281418,161.785152,253.5597426
28747.0011337868,161.44188,256.513533
28779.8924394319,161.4006336,257.6144577
28812.783745077,161.778648,256.0810347
28845.675050722,162.3580176,257.2047924
28878.5663563671,163.133712,256.17078
28911.4576620122,162.976752,258.473559
28944.3489676572,163.256256,256.910853
28977.2402733023,163.38444,257.688981
29010.1315789474,164.116788,260.680878
29043.0228845924,164.594208,258.382227
29075.9141902375,163.644876,261.302142
29108.8054958826,163.889472,262.999395
29141.6968015276,164.2635,266.129451
29174.5881071727,164.417472,261.435012
29207.4794128178,165.061704,262.4510676
29240.3707184628,166.182936,260.9977665
29273.2620241079,166.138416,263.2204365
29306.153329753,166.230096,263.9810205
29339.044635398,166.465248,266.3430105
29371.9359410431,167.145432,263.2029054
29404.8272466881,167.033232,265.715232
29437.7185523332,167.660784,261.23016
29470.6098579783,167.5775664,264.9862143
29503.5011636233,168.502896,263.210697
29536.3924692684,168.32928,268.813554
29569.2837749135,168.6664152,265.492965
29602.1750805585,169.093368,267.8703576
29635.0663862036,170.0164464,264.8006736
29667.9576918487,169.895736,267.289677
29700.8489974937,170.6718,265.2390285
29733.7403031388,170.3130624,268.805169
29766.6316087839,171.437496,268.6495563
29799.5229144289,171.681948,268.417524
29832.414220074,171.7922976,267.245301
29865.3055257191,171.624192,270.4181076
29898.1968313641,172.425864,268.0932567
29931.0881370092,172.4426784,271.0829736
29963.9794426543,173.6500176,270.592206
29996.8707482993,173.630424,266.967435
30029.7620539444,173.909496,270.847239
30062.6533595894,174.1125432,270.55041
30095.5446652345,174.737496,267.5271144
30128.4359708796,174.805416,270.5983335
30161.3272765246,174.4544088,271.707282
30194.2185821697,174.6252384,274.659834
30227.1098878148,175.568568,271.8340374
30260.0011934598,175.275168,274.6005327
30292.8924991049,175.6358952,272.4656085
30325.78380475,175.856904,273.299271
30358.675110395,176.225688,271.2723456
30391.5664160401,176.374392,274.9918284
30424.4577216852,176.7689184,274.700985
30457.3490273302,176.8036656,274.514838
30490.2403329753,176.8439616,274.663833
30523.1316386204,177.0219048,274.8003666
30556.0229442654,177.407328,274.414476
30588.9142499105,177.8087424,274.347396
30621.8055555556,177.906876,273.491094
30654.6968612006,178.46652,273.9845706
30687.5881668457,178.140576,273.802371
30720.4794724908,177.808488,277.1689614
30753.3707781358,178.4837448,274.418475
30786.2620837809,178.383036,277.1775786
30819.1533894259,178.917888,275.353983
30852.044695071,178.4073264,279.581571
30884.9360007161,178.362096,278.9897964
30917.8273063611,178.796856,275.784585
30950.7186120062,178.6914816,280.3526685
30983.6099176513,179.14848,277.6186167
31016.5012232963,179.9571984,274.683441
31049.3925289414,179.799984,278.5865166
31082.2838345865,179.615964,281.59152
31115.1751402315,180.1318656,278.4932496
31148.0664458766,179.905896,281.385378
31180.9577515217,180.317316,280.363827
31213.8490571667,180.711636,278.083107
31246.7403628118,180.213264,282.624036
31279.6316684569,180.4617264,281.6778726
31312.5229741019,180.2712096,285.159789
31345.414279747,180.4629696,282.8482896
31378.3055853921,180.8590944,285.5848827
31411.1968910371,180.701472,285.235254
31444.0881966822,181.560576,284.9370834
31476.9795023272,181.93452,282.2443245
31509.8708079723,181.559688,288.826227
31542.7621136174,181.295496,287.2661655
31575.6534192624,181.4537136,287.3875674
31608.5447249075,181.869192,285.889284
31641.4360305526,182.151936,287.2438614
31674.3273361976,182.61612,286.1874675
31707.2186418427,182.3637192,289.4336106
31740.1099474878,182.804592,287.3828073
31773.0012531328,182.861856,291.490335
31805.8925587779,182.985564,291.160224
31838.783864423,183.140352,293.311815
31871.675170068,183.764544,291.215952
31904.5664757131,183.5923584,290.331528
31937.4577813582,184.141824,289.733613
31970.3490870032,184.2326256,289.71981
32003.2403926483,184.428336,289.761477
32036.1316982934,184.3185288,290.1565266
32069.0230039384,184.198992,290.55831
32101.9143095835,184.7683104,290.8789137
32134.8056152285,185.046672,290.0721864
32167.6969208736,184.662624,293.7818136
32200.5882265187,185.3840304,293.4024375
32233.4795321637,184.9590408,293.0825046
32266.3708378088,184.9989936,293.633283
32299.2621434539,185.0983296,294.0995277
32332.1534490989,185.2979424,296.248113
32365.044754744,185.153496,295.380975
32397.9360603891,185.994072,292.8968865
32430.8273660341,185.377704,297.187491
32463.7186716792,185.867688,297.213162
32496.6099773243,185.9680944,297.2334924
32529.5012829693,185.97516,300.481764
32562.3925886144,185.768928,298.4290515
32595.2838942595,186.671004,299.1089847
32628.1751999045,186.406296,296.8434996
32661.0665055496,186.852624,297.333003
32693.9578111947,186.8469288,300.049485
32726.8491168397,186.7871616,299.0215614
32759.7404224848,186.968856,298.8594084
32792.6317281298,187.2865104,298.634355
32825.5230337749,187.235088,298.62468
32858.41433942,187.26318,299.3082123
32891.305645065,187.428072,299.7941553
32924.1969507101,187.60668,302.147541
32957.0882563552,187.217904,302.350845
32989.9795620002,187.332936,302.102004
33022.8708676453,187.3899504,302.3996457
33055.7621732904,187.583976,302.7384255
33088.6534789354,187.3376808,303.020484
33121.5447845805,187.485696,303.857952
33154.4360902256,187.2603024,307.3561353
33187.3273958706,188.5016304,306.675957
33220.2187015157,187.963572,309.8768985
33253.1100071608,187.9673184,306.713367
33286.0013128058,187.656456,306.7144893
33318.8926184509,188.046264,305.2620267
33351.783924096,188.1440016,303.683802
33384.675229741,188.3983032,303.6491913
33417.5665353861,187.84608,305.0889474
33450.4578410312,188.104416,306.167826
33483.3491466762,187.9878624,307.287159
33516.2404523213,188.166072,305.011341
33549.1317579663,188.8816464,304.2227124
33582.0230636114,188.490888,310.171599
33614.9143692565,188.340072,311.4055485
33647.8056749015,188.515944,311.604789
33680.6969805466,188.373288,312.2540976
33713.5882861917,188.9233296,315.271227
33746.4795918367,188.6996976,312.762177
33779.3708974818,188.656752,315.141711
33812.2622031269,188.753028,314.4388545
33845.1535087719,188.963376,312.531396
33878.044814417,189.108288,314.718204
33910.9361200621,189.042672,314.3921823
33943.8274257071,189.056928,314.073333
33976.7187313522,189.086052,314.008704
34009.6100369973,189.1035024,314.070108
34042.5013426423,189.091116,314.353779
34075.3926482874,189.1349184,315.1244766
34108.2839539324,189.2423904,317.5475094
34141.1752595775,189.493176,315.380877
34174.0665652226,189.202032,318.426567
34206.9578708676,189.3967584,317.8716864
34239.8491765127,189.623616,317.761572
34272.7404821578,189.553284,316.520076
34305.6317878028,189.500556,316.688937
34338.5230934479,189.4240944,317.150112
34371.414399093,189.704208,317.723646
34404.305704738,189.541128,320.0760384
34437.1970103831,189.616992,317.91663
34470.0883160282,189.6355536,320.661879
34502.9796216732,189.484488,320.4861036
34535.8709273183,189.4171296,318.818598
34568.7622329634,190.2418464,319.366074
34601.6535386084,190.197576,319.0769334
34634.5448442535,190.1688624,318.6338184
34667.4361498986,190.151184,318.370065
34700.3274555436,190.6586544,314.7852453
34733.2187611887,190.213656,320.2711896
34766.1100668338,189.876384,320.4546534
34799.0013724788,189.820512,321.136212
34831.8926781239,190.026408,322.788315
34864.7839837689,190.472088,319.3649646
34897.675289414,190.4693136,321.532113
34930.5665950591,190.275492,321.836295
34963.4579007041,190.058472,322.047468
34996.3492063492,190.238844,322.455882
35029.2405119943,189.7774896,321.6298305
35062.1318176393,190.262568,326.0091096
35095.0231232844,190.26246,323.6066007
35127.9144289295,190.6974,321.0942225
35160.8057345745,190.11228,327.1747536
35193.6970402196,190.022436,327.032415
35226.5883458647,189.930144,326.854911
35259.4796515097,189.5760576,330.2848017
35292.3709571548,189.849312,328.7709996
35325.2622627999,189.819768,326.508546
35358.1535684449,189.945,326.5310307
35391.04487409,190.018152,328.668135
35423.936179735,189.945144,328.656138
35456.8274853801,189.9248016,328.9927506
35489.7187910252,189.934512,329.908341
35522.6100966702,189.9063912,330.898932
35555.5014023153,189.771744,332.054514
35588.3927079604,189.332844,334.2127356
35621.2840136054,189.7733688,331.328373
35654.1753192505,189.748032,332.3222406
35687.0666248956,189.714504,332.8477737
35719.9579305406,189.677376,332.158488
35752.8492361857,189.7524,332.435709
35785.7405418308,189.3852144,337.3826784
35818.6318474758,189.715056,334.403217
35851.5231531209,189.534816,335.285577
35884.414458766,189.448464,335.944896
35917.305764411,189.387516,337.044363
35950.1970700561,189.381576,338.110032
35983.0883757012,189.5402952,337.3063233
36015.9796813462,189.463896,337.988385
36048.8709869913,189.506808,337.7066877
36081.7622926364,189.4336656,338.3901684
36114.6535982814,189.3357456,339.3620544
36147.5449039265,189.199008,339.457437
36180.4362095715,189.072888,339.5217564
36213.3275152166,189.02016,341.053812
36246.2188208617,189.112008,341.3757186
36279.1101265067,188.8644072,342.8756145
36312.0014321518,189.040584,343.148772
36344.8927377969,189.158064,344.1000954
36377.7840434419,188.916564,345.798561
36410.675349087,189.01608,345.883056
36443.5666547321,188.841144,345.7839066
36476.4579603771,188.83338,344.464572
36509.3492660222,188.998296,346.261413
36542.2405716673,188.672976,345.200775
36575.1318773123,188.710872,346.087005
36608.0231829574,188.702976,347.633844
36640.9144886025,188.8025664,347.132808
36673.8057942475,188.541408,347.3486895
36706.6970998926,188.60118,347.330049
36739.5884055376,188.5627128,347.7335997
36772.4797111827,188.468856,350.033502
36805.3710168278,188.28132,351.159414
36838.2623224729,188.119656,352.8189603
36871.1536281179,188.08872,352.4000586
36904.044933763,188.318928,352.525782
36936.936239408,188.039604,352.545648
36969.8275450531,187.98336,352.4165835
37002.7188506982,187.89186,353.1037536
37035.6101563432,187.763496,354.317721
37068.5014619883,187.713876,355.700214
37101.3927676334,187.751592,355.0979775
37134.2840732784,187.814016,354.8307024
37167.1753789235,187.901568,356.197896
37200.0666845686,187.67148,361.260888
37232.9579902136,187.080168,360.782685
37265.8492958587,187.192848,358.2700746
37298.7406015038,187.4789424,357.2818056
37331.6319071488,186.73824,362.8105005
37364.5232127939,186.825336,359.780613
37397.414518439,187.6320648,358.977717
37430.305824084,187.468572,359.395032
37463.1971297291,186.8592168,363.6542895
37496.0884353741,187.020408,361.364475
37528.9797410192,186.9806232,365.3489496
37561.8710466643,187.189704,363.455823
37594.7623523093,187.01112,364.1313186
37627.6536579544,186.728496,363.70389
37660.5449635995,186.647844,366.654507
37693.4362692445,186.696924,366.747387
37726.3275748896,186.8531376,363.903195
37759.2188805347,186.7326168,368.277843
37792.1101861797,186.7846152,366.50448
37825.0014918248,186.822816,365.335869
37857.8927974699,186.8103936,365.8701096
37890.7841031149,186.726648,364.7991774
37923.67540876,186.229704,369.214254
37956.5667144051,186.466488,364.938549
37989.4580200501,185.9931288,369.5313747
38022.3493256952,186.17772,365.6188305
38055.2406313403,186.2254008,370.076877
38088.1319369853,185.707464,370.4038533
38121.0232426304,185.792736,369.6703206
38153.9145482755,185.511336,373.7375745
38186.8058539205,185.451792,373.32213
38219.6971595656,185.3450064,373.064775
38252.5884652106,186.224832,371.28651
38285.4797708557,185.8374888,373.3401255
38318.3710765008,185.3191992,374.4726423
38351.2623821458,185.27196,373.514856
38384.1536877909,185.44002,376.6334697
38417.044993436,185.468232,373.576518
38449.936299081,185.2111104,377.2516764
38482.8276047261,184.997256,377.249406
38515.7189103712,185.0909904,377.525079
38548.6102160162,185.4744,376.493595
38581.5015216613,185.587416,377.0154645
38614.3928273064,185.4447696,375.9234795
38647.2841329514,185.207748,378.7093506
38680.1754385965,185.3189136,378.179238
38713.0667442416,185.401392,375.1381146
38745.9580498866,185.274624,378.167757
38778.8493555317,184.857408,378.886803
38811.7406611767,184.97664,380.947449
38844.6319668218,184.9948872,378.025341
38877.5232724669,184.897656,381.2008953
38910.414578112,185.0018256,378.6851373
38943.305883757,184.59702,383.085753
38976.1971894021,184.3698408,383.558925
39009.0884950471,184.362192,386.423112
39041.9798006922,184.545384,381.3671376
39074.8711063373,184.347648,381.0406515
39107.7624119823,184.335636,384.5526894
39140.6537176274,184.4780736,382.3858506
39173.5450232725,183.747696,387.021672
39206.4363289175,183.6108816,387.687312
39239.3276345626,183.866256,386.8594545
39272.2189402077,184.077264,386.355516
39305.1102458527,183.48384,390.3318894
39338.0015514978,183.8024712,389.636631
39370.8928571429,184.00464,388.931259
39403.7841627879,183.837744,388.7680224
39436.675468433,184.0974864,389.1101046
39469.5667740781,183.975552,389.5120944
39502.4580797231,183.1026792,393.126984
39535.3493853682,183.686088,388.7214276
39568.2406910132,183.676224,391.1486916
39601.1319966583,183.662376,392.1072777
39634.0233023034,183.9748488,386.894091
39666.9146079484,183.804432,390.8380596
39699.8059135935,183.335784,392.922003
39732.6972192386,183.819888,394.209036
39765.5885248836,183.0532416,397.7554653
39798.4798305287,183.1932168,394.316493
39831.3711361738,182.809848,397.8377415
39864.2624418188,183.196824,394.761285
39897.1537474639,183.326196,394.2021474
39930.045053109,183.025128,394.026759
39962.936358754,183.054432,395.2648494
39995.8276643991,183.006024,396.2398056
40028.7189700442,182.544912,400.898202
40061.6102756892,182.8713936,398.691786
40094.5015813343,182.89704,397.0230807
40127.3928869794,182.3621616,401.055324
40160.2841926244,182.668488,399.9933444
40193.1754982695,182.6376336,399.4402053
40226.0668039146,182.6080944,399.2272134
40258.9581095596,182.23296,401.270625
40291.8494152047,181.811664,403.538703
40324.7407208498,181.751712,403.2735564
40357.6320264948,181.6629264,403.4488545
40390.5233321399,182.1703584,400.299513
40423.4146377849,181.494552,405.040263
40456.30594343,181.41312,405.7544844
40489.1972490751,181.8130872,404.765364
40522.0885547201,181.35924,405.6798966
40554.9798603652,181.436676,405.3174453
40587.8711660103,181.845456,403.104618
40620.7624716553,181.351332,406.84665
40653.6537773004,181.765056,404.244333
40686.5450829455,181.143708,408.154581
40719.4363885905,180.9573696,409.198965
40752.3276942356,181.270896,408.068796
40785.2189998807,180.83952,408.808869
40818.1103055257,180.945864,410.3534247
40851.0016111708,181.255968,408.3562854
40883.8929168159,181.113576,410.822172
40916.7842224609,181.26312,407.228748
40949.675528106,180.673632,411.996717
40982.566833751,181.144872,410.9461023
41015.4581393961,180.8198256,410.8444503
41048.3494450412,181.07688,411.5949723
41081.2407506862,180.8058648,412.2143916
41114.1320563313,180.20436,411.6853884
41147.0233619764,180.468792,409.8779436
41179.9146676214,179.8994496,415.4942166
41212.8059732665,179.926128,413.45016
41245.6972789116,180.184224,410.7601746
41278.5885845566,179.909352,411.4218156
41311.4798902017,179.642544,417.889695
41344.3711958468,179.9497032,416.959605
41377.2625014918,179.312724,416.515974
41410.1538071369,179.462592,416.507589
41443.045112782,179.5372728,416.775651
41475.936418427,179.286876,418.891122
41508.8277240721,179.4372072,415.295892
41541.7190297172,179.426928,416.8225683
41574.6103353622,179.2638,415.433664
41607.5016410073,179.166024,416.5605306
41640.3929466524,179.3085768,417.4756695
41673.2842522974,179.084448,419.9172396
41706.1755579425,179.6823696,415.745844
41739.0668635875,179.6094552,416.3596905
41771.9581692326,179.6147208,417.1296657
41804.8494748777,179.6694096,417.9776085
41837.7407805227,179.7413928,416.9112945
41870.6320861678,179.66604,420.1676673
41903.5233918129,179.054616,419.94402
41936.4146974579,178.918404,421.6681695
41969.306003103,179.550744,419.710788
42002.1973087481,179.229264,420.239817
42035.0886143931,178.862496,420.93474
42067.9799200382,178.665792,422.894766
42100.8712256833,178.8042648,419.090427
42133.7625313283,179.188008,412.742337
42166.6538369734,178.2432,424.802418
42199.5451426185,177.8117904,426.358029
42232.4364482635,178.564152,421.072899
42265.3277539086,177.9773856,423.645546
42298.2190595536,177.9875856,427.02612
42331.1103651987,178.314648,421.80936
42364.0016708438,177.911184,425.6208585
42396.8929764888,178.44204,422.783568
42429.7842821339,177.979488,426.36693
42462.675587779,177.61104,425.811069
42495.566893424,176.978388,429.214218
42528.4581990691,177.539256,423.1092414
42561.3495047142,176.89506,427.5075093
42594.2408103592,177.2984496,424.695477
42627.1321160043,176.626656,430.162239
42660.0234216494,176.892648,429.78156
42692.9147272944,177.13176,431.0233785
42725.8060329395,177.028212,429.4818156
42758.6973385846,176.2692,433.428132
42791.5886442296,176.9374464,429.165843
42824.4799498747,176.44608,428.5974303
42857.3712555198,176.284992,428.9738007
42890.2625611648,176.601672,427.698081
42923.1538668099,175.700232,432.3234405
42956.045172455,175.8909696,428.9933313
42988.9364781,175.246812,434.249991
43021.8277837451,175.522392,433.787268
43054.7190893901,175.2925584,433.430454
43087.6103950352,175.502376,433.7331396
43120.5017006803,174.95856,434.5287213
43153.3930063253,174.825528,435.002061
43186.2843119704,174.325368,436.7104725
43219.1756176155,174.5646864,433.2827877
43252.0669232605,174.194592,438.0259113
43284.9582289056,174.26436,437.0053407
43317.8495345507,174.789876,432.7374144
43350.7408401957,173.6681832,439.4771226
43383.6321458408,173.933844,439.272219
43416.5234514859,174.128052,439.2110085
43449.4147571309,173.5447608,439.8701856
43482.306062776,173.6752224,437.9743887
43515.1973684211,173.5833984,438.74577
43548.0886740661,173.41272,440.1248445
43580.9799797112,173.451336,437.0155704
43613.8712853562,173.238168,441.5293965
43646.7625910013,173.7331296,439.4837403
43679.6538966464,173.8664952,436.409451
43712.5452022914,173.3832,437.8309923
43745.4365079365,174.1615824,427.4466084
43778.3278135816,172.5952728,438.1922955
43811.2191192266,172.0801584,442.452198
43844.1104248717,172.35912,440.635878
43877.0017305168,172.522296,441.246564
43909.8930361618,171.9595824,441.799458
43942.7843418069,172.057848,439.569564
43975.675647452,171.868776,440.345241
44008.566953097,171.9931128,440.3901975
44041.4582587421,172.3428,435.959757
44074.3495643872,170.999136,443.3097126
44107.2408700322,171.539952,442.588164
44140.1321756773,171.429888,442.112928
44173.0234813224,170.982432,443.113194
44205.9147869674,171.137592,443.347071
44238.8060926125,171.181608,443.978397
44271.6973982576,170.437512,445.200543
44304.5887039026,170.49648,443.425632
44337.4800095477,170.089344,444.5015823
44370.3713151928,170.100216,447.5834826
44403.2626208378,169.847316,444.1839456
44436.1539264829,169.243068,449.4952755
44469.045232128,169.185288,448.2513543
44501.936537773,169.1431056,446.06394
44534.8278434181,168.3390864,449.785848
44567.7191490631,168.066552,450.977421
44600.6104547082,167.788596,449.499081
44633.5017603533,168.121104,450.955104
44666.3930659983,167.8852416,451.159182
44699.2843716434,167.097792,451.4643573
44732.1756772885,167.4814224,450.589905
44765.0669829335,166.5055272,451.1794737
44797.9582885786,166.789068,452.160738
44830.8495942237,166.4301264,453.5429214
44863.7408998687,165.966504,455.0242026
44896.6322055138,165.84264,454.3081365
44929.5235111588,165.899184,454.21932
44962.4148168039,165.6869184,455.863167
44995.306122449,165.450768,455.4800886
45028.1974280941,165.667728,451.7099346
45061.0887337391,164.981424,451.953177
45093.9800393842,164.892744,455.6395584
45126.8713450292,164.7120816,454.9303293
45159.7626506743,164.736372,456.117555
45192.6539563194,164.663616,457.783719
45225.5452619644,164.536752,459.7184223
45258.4365676095,164.1711768,457.0058877
45291.3278732546,163.8145344,456.979791
45324.2191788996,163.8302568,457.6446183
45357.1104845447,162.689184,458.178201
45390.0017901898,163.428072,456.2402985
45422.8930958348,162.861144,460.7977266
45455.7844014799,162.433104,459.930537
45488.675707125,162.556032,459.167502
45521.56701277,162.5883432,456.24333
45554.4583184151,161.443944,464.4728334
45587.3496240602,161.731536,462.8815926
45620.2409297052,161.866416,461.197575
45653.1322353503,161.671848,462.860256
45686.0235409954,161.506476,461.932875
45718.9148466404,160.907088,464.558025
45751.8061522855,160.891056,465.421422
45784.6974579306,160.642944,466.3497963
45817.5887635756,160.385736,464.586405
45850.4800692207,159.7542864,466.387374
45883.3713748657,159.944016,465.545133
45916.2626805108,159.750744,467.486325
45949.1539861559,159.546264,466.223286
45982.0452918009,159.098688,465.430323
46014.936597446,158.8713744,469.424679
46047.8279030911,158.65956,470.042202
46080.7192087361,158.481456,466.718259
46113.6105143812,158.620992,466.811784
46146.5018200263,158.701788,467.491227
46179.3931256713,157.899864,467.0508726
46212.2844313164,157.802808,468.1996176
46245.1757369615,157.56588,473.1039654
46278.0670426065,158.054088,469.5561816
46310.9583482516,157.143816,472.00326
46343.8496538967,157.535016,468.3901506
46376.7409595417,157.32624,472.537836
46409.6322651868,157.187376,471.549954
46442.5235708318,156.20304,473.0202315
46475.4148764769,156.5288976,474.0141894
46508.306182122,156.463728,471.759837
46541.197487767,155.88624,472.765521
46574.0887934121,155.745504,476.3089704
46606.9800990572,155.97576,472.639488
46639.8714047022,155.397192,476.634876
46672.7627103473,154.9981344,476.485107
46705.6540159924,155.193336,476.3881635
46738.5453216374,155.193,476.315601
46771.4366272825,155.0612496,474.611898
46804.3279329276,154.617792,474.669819
46837.2192385726,154.5888,475.1602383
46870.1105442177,154.3989504,476.146224
46903.0018498628,154.083888,477.1811394
46935.8931555078,153.2981448,481.5419457
46968.7844611529,153.583416,478.661724
47001.675766798,153.8418816,474.824361
47034.567072443,153.102216,479.4863694
47067.4583780881,153.1470816,478.875348
47100.3496837332,152.570976,477.413391
47133.2409893782,152.5248096,481.2902925
47166.1322950233,151.754652,484.334499
47199.0236006683,151.908216,484.8896634
47231.9149063134,151.418112,483.728973
47264.8062119585,151.790136,484.5298953
47297.6975176035,151.052904,483.989424
47330.5888232486,150.579456,488.1714105
47363.4801288937,150.6962304,487.685919
47396.3714345387,150.9037536,484.628619
47429.2627401838,150.3862248,489.082344
47462.1540458289,150.2241744,489.166194
47495.0453514739,149.860068,489.755595
47527.936657119,149.723352,490.4376567
47560.8279627641,149.21184,491.294694
47593.7192684091,149.435328,489.340215
47626.6105740542,148.855476,488.200113
47659.5018796993,148.40052,492.15693
47692.3931853443,148.3867128,491.332233
47725.2844909894,148.6418736,490.873638
47758.1757966344,148.099056,490.763343
47791.0671022795,148.1620224,489.7796406
47823.9584079246,147.779808,494.613219
47856.8497135696,147.728496,494.3123007
47889.7410192147,147.4792248,493.955448
47922.6323248598,147.7212384,489.9383364
47955.5236305048,146.9852544,496.229073
47988.4149361499,146.9395344,497.0943405
48021.306241795,146.6725584,493.801809
48054.19754744,145.8882,498.098283
48087.0888530851,145.975032,497.525394
48119.9801587302,145.917576,497.169354
48152.8714643752,145.5140304,497.559837
48185.7627700203,145.209132,495.53028
48218.6540756654,144.7955424,499.240191
48251.5453813104,144.543,500.1744735
48284.4366869555,144.78288,499.5276675
48317.3279926006,144.483888,498.477672
48350.2192982456,144.6023664,497.870469
48383.1106038907,144.8332224,494.1826686
48416.0019095358,144.185544,497.8292535
48448.8932151808,144.171,497.5547544
48481.7845208259,144.531048,499.1435313
48514.6758264709,143.8782,499.175949
48547.567132116,143.769264,499.342359
48580.4584377611,143.6575848,500.1702423
48613.3497434061,143.451132,501.5544897
48646.2410490512,143.333352,499.664601
48679.1323546963,143.182824,501.321993
48712.0236603413,143.006328,500.978853
48744.9149659864,142.776432,500.96505
48777.8062716315,142.38996,499.265346
48810.6975772765,142.542624,500.468271
48843.5888829216,142.292592,502.1503923
48876.4801885667,142.062192,502.22409
48909.3714942117,141.542568,503.0008764
48942.2627998568,141.5455344,504.42483
48975.1541055019,141.085776,506.6475
49008.0454111469,139.9108176,506.9624793
49040.936716792,140.37324,506.902662
49073.828022437,140.46756,506.338932
49106.7193280821,140.423736,506.027397
49139.6106337272,140.31282,505.88124
49172.5019393722,140.111016,505.8103545
49205.3932450173,138.98496,507.221808
49238.2845506624,139.386744,507.21768
49271.1758563074,139.569684,510.310197
49304.0671619525,139.0851264,510.529497
49336.9584675976,138.733764,511.5739455
49369.8497732426,138.4001112,510.3110355
49402.7410788877,137.776152,511.9213425
49435.6323845328,137.808504,514.3021665
49468.5236901778,137.6188224,512.603301
49501.4149958229,137.800584,511.0960005
49534.306301468,137.5151688,513.575832
49567.197607113,137.8258896,511.4173266
49600.0889127581,136.7590704,513.3900204
49632.9802184032,136.7201184,513.0936816
49665.8715240482,136.5059136,514.5771945
49698.7628296933,136.726272,513.083697
49731.6541353384,136.60488,513.304416
49764.5454409834,136.067088,515.597262
49797.4367466285,135.970116,516.649773
49830.3280522736,135.7151424,516.937572
49863.2193579186,135.457164,516.6547653
49896.1106635637,135.795816,515.015085
49929.0019692087,135.459552,515.308173
49961.8932748538,134.849592,516.895518
49994.7845804989,134.744808,515.483355
50027.6758861439,134.1057432,518.372181
50060.567191789,134.302896,518.021559
50093.4584974341,134.2930704,517.7861985
50126.3498030791,134.093376,517.5617643
50159.2411087242,134.1875112,517.234014
50192.1324143693,133.1967264,519.496545
50225.0237200143,133.181544,520.798542
50257.9150256594,132.904788,522.288234
50290.8063313045,132.6194712,522.2143686
50323.6976369495,132.710868,520.2840513
50356.5889425946,132.317424,523.72452
50389.4802482396,131.9436408,522.3546174
50422.3715538847,131.929308,522.3360156
50455.2628595298,131.909052,522.3584616
50488.1541651748,131.6572944,523.030371
50521.0454708199,131.315904,523.8210636
50553.936776465,131.4714576,525.014391
50586.82808211,130.947888,525.519684
50619.7193877551,130.426248,531.246639
50652.6106934002,129.927024,529.4017455
50685.5019990452,129.805968,530.487345
50718.3933046903,129.580392,531.879513
50751.2846103354,128.6077584,540.613845
50784.1759159804,129.449904,531.236706
50817.0672216255,128.349048,544.4804007
50849.9585272706,129.298896,528.870072
50882.8498329156,128.918376,529.944384
50915.7411385607,129.06276,529.4150454
50948.6324442058,129.517848,530.801589
50981.5237498508,128.9033592,529.8732276
51014.4150554959,128.3575776,530.0388507
51047.306361141,128.4890976,531.5356635
51080.197666786,127.951704,535.1706384
51113.0889724311,127.243632,535.2043977
51145.9802780762,126.9745584,535.374123
51178.8715837212,126.990996,535.875675
51211.7628893663,126.808368,537.108141
51244.6541950113,125.774664,546.669363
51277.5455006564,126.5790072,537.4460436
51310.4368063015,124.681656,546.516111
51343.3281119465,126.08076,537.8105073
51376.2194175916,124.7559216,547.471098
51409.1107232367,126.0655824,538.4307006
51442.0020288817,123.634716,552.738426
51474.8933345268,124.209936,548.7931674
51507.7846401719,124.797864,547.732452
51540.6759458169,124.7984496,542.646498
51573.567251462,124.70532,540.9340875
51606.4585571071,124.18272,541.390941
51639.3498627521,124.16592,542.161587
51672.2411683972,123.292776,551.12154
51705.1324740423,124.42068,542.5162467
51738.0237796873,124.231452,542.949519
51770.9150853324,123.2204952,550.947648
51803.8063909774,123.840432,542.3093436
51836.6976966225,122.198376,550.120113
51869.5890022676,123.28248,548.789091
51902.4803079126,123.332256,542.6793414
51935.3716135577,122.291976,550.386756
51968.2629192028,121.05054,557.998401
52001.1542248478,121.615224,554.961741
52034.0455304929,121.98552,551.416176
52066.936836138,122.3851776,548.627325
52099.828141783,122.085264,549.6234243
52132.7194474281,121.120728,553.250169
52165.6107530732,119.9679912,562.0633845
52198.5020587182,120.904704,551.4518703
52231.3933643633,120.161976,558.9653334
52264.2846700084,121.867728,551.047752
52297.1759756534,119.0308224,561.439605
52330.0672812985,120.16524,554.598219
52362.9585869436,119.3929056,562.998441
52395.8498925886,120.003432,559.5169374
52428.7411982337,119.5142472,558.7508064
52461.6325038788,119.4602688,556.4006586
52494.5238095238,119.7438096,556.223361
52527.4151151689,119.3266872,555.7570905
52560.3064208139,119.6586,553.187862
52593.197726459,118.988352,554.355183
52626.0890321041,118.9143696,555.064812
52658.9803377491,118.6268808,557.2746723
52691.8716433942,118.0248864,562.987476
52724.7629490393,118.848264,557.9201625
52757.6542546843,116.6864352,565.331406
52790.5455603294,117.850296,557.8394214
52823.4368659745,117.165888,564.0070017
52856.3281716195,117.6892512,561.661614
52889.2194772646,116.6946312,567.564525
52922.1107829097,116.92896,565.896426
52955.0020885547,117.448596,561.96657
52987.8933941998,117.5349216,561.303252
53020.7846998449,116.734296,567.203067
53053.6760054899,116.2101024,564.182532
53086.567311135,116.6463744,561.2869464
53119.45861678,116.497584,562.973157
53152.3499224251,114.804324,569.2427505
53185.2412280702,115.724712,563.473161
53218.1325337152,116.001228,562.5460896
53251.0238393603,114.945888,564.398091
53283.9151450054,114.428184,568.9764816
53316.8064506504,115.026012,567.596259
53349.6977562955,115.7362392,563.3000043
53382.5890619406,114.1756872,569.656002
53415.4803675856,114.739308,565.090821
53448.3716732307,113.7784488,574.152555
53481.2629788758,114.7901712,567.1320396
53514.1542845208,114.2893848,565.487109
53547.0455901659,112.7545584,576.962562
53579.936895811,113.653128,568.0215075
53612.828201456,113.3907936,566.091345
53645.7195071011,112.2942144,574.782462
53678.6108127462,113.1733344,570.166197
53711.5021183912,113.364636,568.741263
53744.3934240363,113.639088,564.6185133
53777.2847296814,111.92124,571.501863
53810.1760353264,112.8842352,570.5839377
53843.0673409715,112.181904,570.64956
53875.9586466165,112.3607112,568.291956
53908.8499522616,110.845428,575.622639
53941.7412579067,111.97074,568.433469
53974.6325635517,112.270176,566.454222
54007.5238691968,111.211188,569.3554707
54040.4151748419,111.181176,575.2317174
54073.3064804869,111.552168,569.174058
54106.197786132,108.9379752,578.993151
54139.0890917771,110.833416,569.860854
54171.9803974221,110.2425528,567.6720465
54204.8717030672,111.1241472,561.927483
54237.7630087123,110.1768288,570.575772
54270.6543143573,108.3047952,575.564847
54303.5456200024,109.1727528,574.1584116
54336.4369256475,109.220928,574.106889
54369.3282312925,109.1113392,574.092054
54402.2195369376,108.6456144,575.5035204
54435.1108425826,108.1823592,574.708803
54468.0021482277,107.003388,584.6809545
54500.8934538728,107.3716728,582.658815
54533.7847595178,107.3678328,581.772585
54566.6760651629,106.999752,580.926474
54599.567370808,107.0170416,574.664169
54632.458676453,106.839096,574.639401
54665.3499820981,107.5122288,576.967851
54698.2412877432,105.668688,579.707553
54731.1325933882,105.82758,580.908543
54764.0238990333,106.246032,577.502685
54796.9152046784,106.8690768,572.0385546
54829.8065103234,106.2708888,575.983581
54862.6978159685,106.0216848,579.530436
54895.5891216136,105.6880128,573.655905
54928.4804272586,105.57768,578.373435
54961.3717329037,105.674976,573.775359
54994.2630385488,105.345504,579.158013
55027.1543441938,103.5981192,588.838689
55060.0456498389,104.007504,588.471297
55092.936955484,104.099568,580.7606445
55125.828261129,103.11834,585.4270905
55158.7195667741,104.1221952,578.3925786
55191.6108724191,101.796792,588.9926376
55224.5021780642,102.656256,586.958901
55257.3934837093,102.4586544,586.2792645
55290.2847893544,101.9678304,585.149547
55323.1760949994,102.6144,578.6752305
55356.0674006445,101.248848,582.058578
55388.9587062895,100.9547424,584.06814
55421.8500119346,101.6248656,585.305637
55454.7413175797,100.6892976,586.5284667
55487.6326232247,101.2740408,581.066568
55520.5239288698,100.3279992,584.2725147
55553.4152345149,100.2279,587.3497323
55586.3065401599,99.221064,591.617865
55619.197845805,99.0925824,588.8308587
55652.0891514501,99.7378488,587.425236
55684.9804570951,98.144448,594.234243
55717.8717627402,98.8319208,587.122989
55750.7630683853,98.3360064,590.1308433
55783.6543740303,97.2874608,590.768658
55816.5456796754,97.7421936,593.139678
55849.4369853204,97.6206,591.514407
55882.3282909655,97.9299696,584.5197174
55915.2195966106,96.139368,595.985676
55948.1109022556,96.795852,594.048096
55981.0022079007,96.3691368,592.7994663
56013.8935135458,96.4523712,590.5947144
56046.7848191908,96.141648,589.699119
56079.6761248359,97.000644,583.449327
56112.567430481,96.250812,586.6527195
56145.458736126,95.6059752,591.1107273
56178.3500417711,94.8877728,590.575158
56211.2413474162,94.4709288,592.526928
56244.1326530612,94.2924792,590.9301144
56277.0239587063,93.7602792,595.769214
56309.9152643514,94.0513008,595.8309276
56342.8065699964,93.2997456,593.4173505
56375.6978756415,92.96976,594.445932
56408.5891812866,91.90584,599.1737175
56441.4804869316,92.953152,592.3392717
56474.3717925767,92.5763592,593.588856
56507.2630982218,92.6759568,591.6043587
56540.1544038668,90.199968,602.1742704
56573.0457095119,90.394416,600.964431
56605.937015157,90.59874,599.424945
56638.828320802,91.005288,599.408304
56671.7196264471,90.7063872,598.262268
56704.6109320921,90.340392,596.529927
56737.5022377372,90.9436872,593.397549
56770.3935433823,90.375792,595.5082986
56803.2848490273,89.70972,602.455929
56836.1761546724,90.3677712,597.9724695
56869.0674603175,89.540556,599.268726
56901.9587659625,89.038704,602.785008
56934.8500716076,88.7235912,601.8611745
56967.7413772527,89.0831208,600.985458
57000.6326828977,89.454936,599.9139324
57033.5239885428,89.2151928,595.9281936
57066.4152941879,88.3737528,602.907945
57099.3065998329,88.520208,602.0637045
57132.197905478,88.5833424,601.231719
57165.0892111231,88.4538312,600.183594
57197.9805167681,88.145436,599.18694
57230.8718224132,89.157912,593.389164
57263.7631280582,88.9944,594.1905507
57296.6544337033,90.2779992,586.240629
57329.5457393484,88.5993432,598.4720994
57362.4370449934,88.4810688,600.715074
57395.3283506385,88.0745112,599.550591
57428.2196562836,87.8573664,600.420567
57461.1109619286,87.698784,600.456687
57494.0022675737,87.2985,600.62271
57526.8935732188,87.453456,601.2604344
57559.7848788638,87.5470512,601.8680244
57592.6761845089,86.6692608,605.194341
57625.567490154,87.4807272,600.0053547
57658.458795799,87.4662576,601.7831295
57691.3501014441,86.8676592,608.630256
57724.2414070892,87.43632,599.7268695
57757.1327127342,86.778912,605.477238
57790.0240183793,86.91396,604.499676
57822.9153240244,87.1851744,606.0103176
57855.8066296694,87.1999872,605.131905
57888.6979353145,87.6219312,598.38585
57921.5892409596,87.4549776,599.9171703
57954.4805466046,88.787628,593.3665245
57987.3718522497,87.430248,604.298307
58020.2631578947,87.1572096,604.2043176
58053.1544635398,87.025308,605.7748023
58086.0457691849,86.5269552,604.7974467
58118.9370748299,86.301024,606.383205
58151.828380475,86.179824,606.9837387
58184.7196861201,85.231668,612.035985
58217.6109917651,85.9276704,605.265291
58250.5022974102,85.259784,609.076725
58283.3936030553,85.60122,608.008605
58316.2849087003,85.8519672,600.843945
58349.1762143454,85.4245512,603.346416
58382.0675199905,85.2374064,606.285036
58414.9588256355,84.8604144,610.172451
58447.8501312806,85.623912,600.988038
58480.7414369257,85.4107392,603.053199
58513.6327425707,85.2660288,607.57065
58546.5240482158,84.4456248,613.192857
58579.4153538608,84.4043328,613.211046
58612.3066595059,84.4133664,613.0533564
58645.197965151,84.2909136,613.358493
58678.089270796,83.1141264,617.222301
58710.9805764411,84.1425408,612.6062424
58743.8718820862,84.3753288,611.3157264
58776.7631877312,84.631176,610.2987033
58809.6544933763,82.417368,620.4080463
58842.5457990214,83.1763752,619.9957623
58875.4371046664,83.0454552,617.586468
58908.3284103115,83.3077872,610.770882
58941.2197159566,83.1600528,611.740833
58974.1110216016,83.3521128,613.990593
59007.0023272467,83.709408,607.7372664
59039.8936328918,83.213604,610.134783
59072.7849385368,82.76292,613.885587
59105.6762441819,81.600888,618.0967275
59138.567549827,82.0337184,618.455283
59171.458855472,81.031968,624.715137
59204.3501611171,82.2859104,617.3730375
59237.2414667622,81.5719344,618.421743
59270.1327724072,81.0158232,623.287752
59303.0240780523,81.1316448,622.509237
59335.9153836973,81.9849792,616.208103
59368.8066893424,81.631872,615.957972
59401.6979949875,82.61328,608.0435124
59434.5893006325,81.109752,619.1355
59467.4806062776,80.670288,619.5008925
59500.3719119227,80.7885648,619.4327676
59533.2632175677,80.8020552,618.9296805
59566.1545232128,80.9228112,618.001977
59599.0458288579,81.025248,617.0182746
59631.9371345029,80.2216752,621.543672
59664.828440148,78.960672,630.7153785
59697.7197457931,79.543152,628.8690144
59730.6110514381,79.7927352,627.651564
59763.5023570832,80.6105232,620.34939
59796.3936627283,78.9069768,630.4542567
59829.2849683733,78.9558288,629.6218455
59862.1762740184,78.9293568,627.1618284
59895.0675796634,79.48956,625.846596
59927.9588853085,79.6470384,625.9862643
59960.8501909536,79.500816,626.9756814
59993.7414965986,79.620888,626.519718
60026.6328022437,79.0354152,625.577373
60059.5241078888,79.328364,624.866583
60092.4154135338,80.0146224,621.776646
60125.3067191789,78.7780656,631.6649733
60158.198024824,78.8551272,629.199822
60191.089330469,80.3688816,625.876008
60223.9806361141,79.7519664,623.608317
60256.8719417592,78.4422672,630.249753
60289.7632474042,78.6854064,630.9622716
60322.6545530493,79.4832168,622.734213
60355.5458586944,80.1667008,622.0441146
60388.4371643394,79.5881448,627.3272967
60421.3284699845,79.7817696,626.3083515
60454.2197756296,79.143132,629.280705
60487.1110812746,78.6542712,633.600399
60520.0023869197,79.6350864,624.9530904
60552.8936925648,79.229328,624.1816446
60585.7849982098,80.494752,620.704785
60618.6763038549,78.8908488,625.163283
60651.5676094999,80.4882648,618.800487
60684.458915145,79.9457856,623.2110615
60717.3502207901,78.7056624,631.1312745
60750.2415264351,79.5508368,623.7705216
60783.1328320802,79.2924432,626.036742
60816.0241377253,79.4586816,626.345955
60848.9154433703,79.7570808,625.383744
60881.8067490154,80.943396,619.5020535
60914.6980546605,78.06384,635.182455
60947.5893603055,79.9663272,622.44693
60980.4806659506,79.3329912,630.0552726
61013.3719715957,79.7003592,626.993922
61046.2632772407,79.976148,629.480139
61079.1545828858,79.358568,631.671978
61112.0458885309,80.0559936,621.9392247
61144.9371941759,79.0086432,632.7979416
61177.828499821,79.704552,627.7258164
61210.719805466,79.7485248,624.7860096
61243.6111111111,80.01684,626.305449
